1991年莫斯科摇滚音乐节,9.6,美国,暴力,https://movie.douban.com/subject/1870578/,https://img1.doubanio.com/view/photo/s_ratio_poster/public/p2157965357.jpg
魔法门之英雄无敌3：死亡阴影,9.4,美国,暴力,https://movie.douban.com/subject/4935231/,https://img3.doubanio.com/view/subject/l/public/s4432480.jpg
UFC一百场最伟大的比赛,9.3,美国,暴力,https://movie.douban.com/subject/4169014/,https://img1.doubanio.com/view/subject/l/public/s4077247.jpg
教父,9.2,美国,暴力,https://movie.douban.com/subject/1291841/,https://img3.doubanio.com/view/photo/s_ratio_poster/public/p2190556185.jpg
欢乐树的朋友们：赶尽杀绝,9.2,美国,暴力,https://movie.douban.com/subject/3075070/,https://img3.doubanio.com/view/subject/l/public/s1806732.jpg
欢乐树的朋友们：第二发球,9.2,美国,暴力,https://movie.douban.com/subject/1393471/,https://img3.doubanio.com/view/photo/s_ratio_poster/public/p2162261726.jpg
欢乐树的朋友们：第三击,9.2,美国,暴力,https://movie.douban.com/subject/1393472/,https://img3.doubanio.com/view/subject/l/public/s1806711.jpg
欢乐树的朋友们：寒假,9.2,美国,暴力,https://movie.douban.com/subject/1872077/,https://img3.doubanio.com/view/subject/l/public/s1806745.jpg
两杆大烟枪,9.1,美国,暴力,https://movie.douban.com/subject/1293350/,https://img1.doubanio.com/view/photo/s_ratio_poster/public/p792443418.jpg
教父2,9.1,美国,暴力,https://movie.douban.com/subject/1299131/,https://img1.doubanio.com/view/photo/s_ratio_poster/public/p2194138787.jpg
欢乐树的朋友们,9.1,美国,暴力,https://movie.douban.com/subject/4181031/,https://img3.doubanio.com/view/photo/s_ratio_poster/public/p1269191733.jpg
欢乐树的朋友们：滑雪巡逻救生队,9.1,美国,暴力,https://movie.douban.com/subject/3075092/,https://img3.doubanio.com/view/subject/l/public/s3622650.jpg
蝙蝠侠：黑暗骑士,9.0,美国,暴力,https://movie.douban.com/subject/1851857/,https://img3.doubanio.com/view/photo/s_ratio_poster/public/p462657443.jpg
欢乐树的朋友们：第一滴血,9.0,美国,暴力,https://movie.douban.com/subject/1393470/,https://img1.doubanio.com/view/subject/l/public/s1806727.jpg
欢乐树的朋友们：鼹鼠进城,9.0,美国,暴力,https://movie.douban.com/subject/1872083/,https://img1.doubanio.com/view/subject/l/public/s1806738.jpg
两杆大烟枪,9.1,英国,暴力,https://movie.douban.com/subject/1293350/,https://img1.doubanio.com/view/photo/s_ratio_poster/public/p792443418.jpg
蝙蝠侠：黑暗骑士,9.0,英国,暴力,https://movie.douban.com/subject/1851857/,https://img3.doubanio.com/view/photo/s_ratio_poster/public/p462657443.jpg
欢乐树的朋友们：第一滴血,9.0,英国,暴力,https://movie.douban.com/subject/1393470/,https://img1.doubanio.com/view/subject/l/public/s1806727.jpg
1991年莫斯科摇滚音乐节,9.6,俄罗斯,暴力,https://movie.douban.com/subject/1870578/,https://img1.doubanio.com/view/photo/s_ratio_poster/public/p2157965357.jpg
迈克尔·杰克逊：音乐历史专辑全集,9.6,美国,恐怖,https://movie.douban.com/subject/2122919/,https://img3.doubanio.com/view/subject/l/public/s2541232.jpg
欢乐树的朋友们：赶尽杀绝,9.2,美国,恐怖,https://movie.douban.com/subject/3075070/,https://img3.doubanio.com/view/subject/l/public/s1806732.jpg
颤栗,9.2,美国,恐怖,https://movie.douban.com/subject/3266978/,https://img3.doubanio.com/view/photo/s_ratio_poster/public/p2513096712.jpg
欢乐树的朋友们：第三击,9.2,美国,恐怖,https://movie.douban.com/subject/1393472/,https://img3.doubanio.com/view/subject/l/public/s1806711.jpg
鬼怪,9.2,美国,恐怖,https://movie.douban.com/subject/2135590/,https://img1.doubanio.com/view/photo/s_ratio_poster/public/p2323125538.jpg
欢乐树的朋友们,9.1,美国,恐怖,https://movie.douban.com/subject/4181031/,https://img3.doubanio.com/view/photo/s_ratio_poster/public/p1269191733.jpg
欢乐树的朋友们：滑雪巡逻救生队,9.1,美国,恐怖,https://movie.douban.com/subject/3075092/,https://img3.doubanio.com/view/subject/l/public/s3622650.jpg
辛普森一家之万圣节专辑之恐怖树屋,9.1,美国,恐怖,https://movie.douban.com/subject/2296049/,https://img3.doubanio.com/view/subject/l/public/s2753652.jpg
欢乐树的朋友们：第一滴血,9.0,美国,恐怖,https://movie.douban.com/subject/1393470/,https://img1.doubanio.com/view/subject/l/public/s1806727.jpg
Eddie Izzard: Dress to Kill,9.0,美国,恐怖,https://movie.douban.com/subject/1866427/,https://img3.doubanio.com/view/photo/s_ratio_poster/public/p2180891675.jpg
污秽森林,9.4,日本,恐怖,https://movie.douban.com/subject/27037041/,https://img3.doubanio.com/f/movie/30c6263b6db26d055cbbe73fe653e29014142ea3/pics/movie/movie_default_large.png
空之境界 未来福音,9.1,日本,恐怖,https://movie.douban.com/subject/11499092/,https://img1.doubanio.com/view/photo/s_ratio_poster/public/p2037135869.jpg
四月一日灵异事件簿·笼,9.0,日本,恐怖,https://movie.douban.com/subject/5337533/,https://img3.doubanio.com/view/photo/s_ratio_poster/public/p2228426613.jpg
绅士联盟舞台剧,9.6,英国,恐怖,https://movie.douban.com/subject/20491284/,https://img3.doubanio.com/view/photo/s_ratio_poster/public/p2235065102.jpg
欢乐树的朋友们：第一滴血,9.0,英国,恐怖,https://movie.douban.com/subject/1393470/,https://img1.doubanio.com/view/subject/l/public/s1806727.jpg
Eddie Izzard: Dress to Kill,9.0,英国,恐怖,https://movie.douban.com/subject/1866427/,https://img3.doubanio.com/view/photo/s_ratio_poster/public/p2180891675.jpg
负重前行,9.1,澳大利亚,恐怖,https://movie.douban.com/subject/26793157/,https://img1.doubanio.com/view/photo/s_ratio_poster/public/p2495304867.jpg
牡丹亭,9.4,大陆,文艺,https://movie.douban.com/subject/4731050/,https://img1.doubanio.com/view/photo/s_ratio_poster/public/p2365538258.jpg
许巍：此时此刻,9.4,大陆,文艺,https://movie.douban.com/subject/24857835/,https://img3.doubanio.com/view/photo/s_ratio_poster/public/p2037823701.jpg
荒山泪,9.2,大陆,文艺,https://movie.douban.com/subject/3724033/,https://img3.doubanio.com/view/photo/s_ratio_poster/public/p1945500364.jpg
齐天乐,9.3,大陆,文艺,https://movie.douban.com/subject/11498192/,https://img3.doubanio.com/view/photo/s_ratio_poster/public/p2515927004.jpg
颐和园,9.1,大陆,文艺,https://movie.douban.com/subject/27621097/,https://img3.doubanio.com/view/photo/s_ratio_poster/public/p2509979285.jpg
游园惊梦,9.1,大陆,文艺,https://movie.douban.com/subject/11593132/,https://img3.doubanio.com/view/photo/s_ratio_poster/public/p2391649272.jpg
一磅肉,9.0,大陆,文艺,https://movie.douban.com/subject/3543679/,https://img3.doubanio.com/view/photo/s_ratio_poster/public/p2342489640.jpg
阿甘正传,9.4,美国,文艺,https://movie.douban.com/subject/1292720/,https://img1.doubanio.com/view/photo/s_ratio_poster/public/p510876377.jpg
大河之舞1995,9.4,美国,文艺,https://movie.douban.com/subject/1835118/,https://img1.doubanio.com/view/photo/s_ratio_poster/public/p1932522618.jpg
指挥的艺术,9.4,美国,文艺,https://movie.douban.com/subject/2240855/,https://img3.doubanio.com/view/subject/l/public/s2680252.jpg
诱惑乐队,9.3,美国,文艺,https://movie.douban.com/subject/2138114/,https://img3.doubanio.com/view/subject/l/public/s2572066.jpg
Pretty Sweet,9.3,美国,文艺,https://movie.douban.com/subject/5150630/,https://img3.doubanio.com/view/photo/s_ratio_poster/public/p2184540874.jpg
60亿其他人,9.3,美国,文艺,https://movie.douban.com/subject/5151494/,https://img3.doubanio.com/view/subject/l/public/s4689961.jpg
海上钢琴师,9.2,美国,文艺,https://movie.douban.com/subject/1292001/,https://img1.doubanio.com/view/photo/s_ratio_poster/public/p511146807.jpg
忠犬八公的故事,9.2,美国,文艺,https://movie.douban.com/subject/3011091/,https://img3.doubanio.com/view/photo/s_ratio_poster/public/p524964016.jpg
乱世佳人,9.2,美国,文艺,https://movie.douban.com/subject/1300267/,https://img3.doubanio.com/view/photo/s_ratio_poster/public/p1963126880.jpg
A Very Gaga Thanksgiving,9.3,美国,文艺,https://movie.douban.com/subject/7001285/,https://img1.doubanio.com/view/subject/l/public/s7009578.jpg
约翰列侬精选,9.2,美国,文艺,https://movie.douban.com/subject/4181436/,https://img3.doubanio.com/view/photo/s_ratio_poster/public/p1869021066.jpg
触不可及,9.1,美国,文艺,https://movie.douban.com/subject/6786002/,https://img3.doubanio.com/view/photo/s_ratio_poster/public/p1454261925.jpg
饮食男女,9.1,美国,文艺,https://movie.douban.com/subject/1291818/,https://img3.doubanio.com/view/photo/s_ratio_poster/public/p1910899751.jpg
我们都为比尔着盛装,9.1,美国,文艺,https://movie.douban.com/subject/4836985/,https://img1.doubanio.com/view/photo/s_ratio_poster/public/p821582577.jpg
诺拉·琼斯新奥尔良现场,9.1,美国,文艺,https://movie.douban.com/subject/1434430/,https://img3.doubanio.com/view/subject/l/public/s1448370.jpg
Fade to Red,9.1,美国,文艺,https://movie.douban.com/subject/1774778/,https://img1.doubanio.com/view/subject/l/public/s1645948.jpg
演员工作室：安东尼·霍普金斯,9.1,美国,文艺,https://movie.douban.com/subject/3143903/,https://img3.doubanio.com/view/subject/l/public/s4378635.jpg
少年派的奇幻漂流,9.0,美国,文艺,https://movie.douban.com/subject/1929463/,https://img3.doubanio.com/view/photo/s_ratio_poster/public/p1784592701.jpg
飞越疯人院,9.0,美国,文艺,https://movie.douban.com/subject/1292224/,https://img1.doubanio.com/view/photo/s_ratio_poster/public/p792238287.jpg
月神,9.0,美国,文艺,https://movie.douban.com/subject/6313765/,https://img1.doubanio.com/view/photo/s_ratio_poster/public/p1605699709.jpg
猫,9.0,美国,文艺,https://movie.douban.com/subject/24882759/,https://img1.doubanio.com/view/photo/s_ratio_poster/public/p2149330928.jpg
这一场冒险,9.0,美国,文艺,https://movie.douban.com/subject/3098288/,https://img3.doubanio.com/view/photo/s_ratio_poster/public/p2231701204.jpg
霸王别姬,9.5,香港,文艺,https://movie.douban.com/subject/1291546/,https://img3.doubanio.com/view/photo/s_ratio_poster/public/p1910813120.jpg
60亿其他人,9.3,香港,文艺,https://movie.douban.com/subject/5151494/,https://img3.doubanio.com/view/subject/l/public/s4689961.jpg
南海十三郎,9.1,香港,文艺,https://movie.douban.com/subject/1303913/,https://img1.doubanio.com/view/photo/s_ratio_poster/public/p2328424489.jpg
一磅肉,9.0,香港,文艺,https://movie.douban.com/subject/3543679/,https://img3.doubanio.com/view/photo/s_ratio_poster/public/p2342489640.jpg
60亿其他人,9.3,台湾,文艺,https://movie.douban.com/subject/5151494/,https://img3.doubanio.com/view/subject/l/public/s4689961.jpg
饮食男女,9.1,台湾,文艺,https://movie.douban.com/subject/1291818/,https://img3.doubanio.com/view/photo/s_ratio_poster/public/p1910899751.jpg
少年派的奇幻漂流,9.0,台湾,文艺,https://movie.douban.com/subject/1929463/,https://img3.doubanio.com/view/photo/s_ratio_poster/public/p1784592701.jpg
东京物语,9.2,日本,文艺,https://movie.douban.com/subject/1291568/,https://img3.doubanio.com/view/photo/s_ratio_poster/public/p1910832390.jpg
情迷意乱,9.1,日本,文艺,https://movie.douban.com/subject/1422091/,https://img3.doubanio.com/view/photo/s_ratio_poster/public/p1449763371.jpg
日本之形,9.1,日本,文艺,https://movie.douban.com/subject/2085511/,https://img3.doubanio.com/view/photo/s_ratio_poster/public/p2253859656.jpg
无人知晓,9.0,日本,文艺,https://movie.douban.com/subject/1292337/,https://img3.doubanio.com/view/photo/s_ratio_poster/public/p661160053.jpg
放浪男孩OVA 告白 ～Each Seasons～,9.0,日本,文艺,https://movie.douban.com/subject/6902342/,https://img1.doubanio.com/view/photo/s_ratio_poster/public/p2509356959.jpg
我爱你,9.0,韩国,文艺,https://movie.douban.com/subject/5908478/,https://img1.doubanio.com/view/photo/s_ratio_poster/public/p1075591188.jpg
大河之舞1995,9.4,英国,文艺,https://movie.douban.com/subject/1835118/,https://img1.doubanio.com/view/photo/s_ratio_poster/public/p1932522618.jpg
胡桃夹子,9.3,英国,文艺,https://movie.douban.com/subject/3533599/,https://img3.doubanio.com/view/photo/s_ratio_poster/public/p2257772540.jpg
女王召见,9.3,英国,文艺,https://movie.douban.com/subject/25717552/,https://img3.doubanio.com/view/photo/s_ratio_poster/public/p2119628656.jpg
怪鱼,9.3,英国,文艺,https://movie.douban.com/subject/4015862/,https://img3.doubanio.com/view/subject/l/public/s3963974.jpg
忠犬八公的故事,9.2,英国,文艺,https://movie.douban.com/subject/3011091/,https://img3.doubanio.com/view/photo/s_ratio_poster/public/p524964016.jpg
寻找小糖人,9.1,英国,文艺,https://movie.douban.com/subject/7015798/,https://img3.doubanio.com/view/photo/s_ratio_poster/public/p1741882642.jpg
危险关系,9.1,英国,文艺,https://movie.douban.com/subject/26745571/,https://img3.doubanio.com/view/photo/s_ratio_poster/public/p2328681271.jpg
Belle & Sebastian - Fans Only,9.1,英国,文艺,https://movie.douban.com/subject/1892826/,https://img3.doubanio.com/view/subject/l/public/s3160084.jpg
少年派的奇幻漂流,9.0,英国,文艺,https://movie.douban.com/subject/1929463/,https://img3.doubanio.com/view/photo/s_ratio_poster/public/p1784592701.jpg
猫,9.0,英国,文艺,https://movie.douban.com/subject/24882759/,https://img1.doubanio.com/view/photo/s_ratio_poster/public/p2149330928.jpg
影子大地,9.0,英国,文艺,https://movie.douban.com/subject/1299515/,https://img3.doubanio.com/view/photo/s_ratio_poster/public/p2427877973.jpg
谁害怕弗吉尼亚·伍尔芙？,9.1,英国,文艺,https://movie.douban.com/subject/27018258/,https://img1.doubanio.com/view/photo/s_ratio_poster/public/p2455199319.jpg
里赫特：谜,9.5,法国,文艺,https://movie.douban.com/subject/1828568/,https://img3.doubanio.com/view/photo/s_ratio_poster/public/p2509527741.jpg
这个杀手不太冷,9.4,法国,文艺,https://movie.douban.com/subject/1295644/,https://img3.doubanio.com/view/photo/s_ratio_poster/public/p511118051.jpg
胡桃夹子,9.3,法国,文艺,https://movie.douban.com/subject/3533599/,https://img3.doubanio.com/view/photo/s_ratio_poster/public/p2257772540.jpg
巴黎圣母院,9.3,法国,文艺,https://movie.douban.com/subject/20326557/,https://img3.doubanio.com/view/photo/s_ratio_poster/public/p2329626263.jpg
法国美食短片,9.3,法国,文艺,https://movie.douban.com/subject/26429900/,https://img3.doubanio.com/view/photo/s_ratio_poster/public/p2266906955.jpg
60亿其他人,9.3,法国,文艺,https://movie.douban.com/subject/5151494/,https://img3.doubanio.com/view/subject/l/public/s4689961.jpg
放牛班的春天,9.2,法国,文艺,https://movie.douban.com/subject/1291549/,https://img3.doubanio.com/view/photo/s_ratio_poster/public/p1910824951.jpg
脸庞，村庄,9.2,法国,文艺,https://movie.douban.com/subject/26764928/,https://img1.doubanio.com/view/photo/s_ratio_poster/public/p2462590159.jpg
仙女,9.2,法国,文艺,https://movie.douban.com/subject/2139906/,https://img3.doubanio.com/view/subject/l/public/s2581461.jpg
触不可及,9.1,法国,文艺,https://movie.douban.com/subject/6786002/,https://img3.doubanio.com/view/photo/s_ratio_poster/public/p1454261925.jpg
天堂电影院,9.1,法国,文艺,https://movie.douban.com/subject/1291828/,https://img3.doubanio.com/view/photo/s_ratio_poster/public/p1910901025.jpg
迁徙的鸟,9.1,法国,文艺,https://movie.douban.com/subject/1292281/,https://img1.doubanio.com/view/photo/s_ratio_poster/public/p2238274168.jpg
雇佣人生,9.1,法国,文艺,https://movie.douban.com/subject/3823425/,https://img3.doubanio.com/view/photo/s_ratio_poster/public/p2027109343.jpg
我们都为比尔着盛装,9.1,法国,文艺,https://movie.douban.com/subject/4836985/,https://img1.doubanio.com/view/photo/s_ratio_poster/public/p821582577.jpg
精神分裂症,9.0,法国,文艺,https://movie.douban.com/subject/3262918/,https://img3.doubanio.com/view/photo/s_ratio_poster/public/p857148064.jpg
沉静如海,9.0,法国,文艺,https://movie.douban.com/subject/1769507/,https://img3.doubanio.com/view/photo/s_ratio_poster/public/p2365157916.jpg
一路平安,9.0,法国,文艺,https://movie.douban.com/subject/1471586/,https://img3.doubanio.com/view/photo/s_ratio_poster/public/p2215638675.jpg
我是海尔姆特,9.4,德国,文艺,https://movie.douban.com/subject/5360245/,https://img3.doubanio.com/view/subject/l/public/s4533690.jpg
60亿其他人,9.3,德国,文艺,https://movie.douban.com/subject/5151494/,https://img3.doubanio.com/view/subject/l/public/s4689961.jpg
放牛班的春天,9.2,德国,文艺,https://movie.douban.com/subject/1291549/,https://img3.doubanio.com/view/photo/s_ratio_poster/public/p1910824951.jpg
皮娜·鲍什：穆勒咖啡馆,9.2,德国,文艺,https://movie.douban.com/subject/3921106/,https://img1.doubanio.com/view/photo/s_ratio_poster/public/p2121858349.jpg
祖母的照相馆,9.2,德国,文艺,https://movie.douban.com/subject/11587751/,https://img3.doubanio.com/view/photo/s_ratio_poster/public/p1659366674.jpg
春之祭,9.2,德国,文艺,https://movie.douban.com/subject/3278842/,https://img3.doubanio.com/view/photo/s_ratio_poster/public/p2122603772.jpg
迁徙的鸟,9.1,德国,文艺,https://movie.douban.com/subject/1292281/,https://img1.doubanio.com/view/photo/s_ratio_poster/public/p2238274168.jpg
海蒂和爷爷,9.0,德国,文艺,https://movie.douban.com/subject/25958717/,https://img1.doubanio.com/view/photo/s_ratio_poster/public/p2378964107.jpg
沉静如海,9.0,德国,文艺,https://movie.douban.com/subject/1769507/,https://img3.doubanio.com/view/photo/s_ratio_poster/public/p2365157916.jpg
六十五岁以上的女士和先生,9.0,德国,文艺,https://movie.douban.com/subject/4899886/,https://img1.doubanio.com/view/photo/s_ratio_poster/public/p2417935308.jpg
美丽人生,9.5,意大利,文艺,https://movie.douban.com/subject/1292063/,https://img3.doubanio.com/view/photo/s_ratio_poster/public/p510861873.jpg
灿烂人生,9.3,意大利,文艺,https://movie.douban.com/subject/1291831/,https://img3.doubanio.com/view/photo/s_ratio_poster/public/p1161132422.jpg
海上钢琴师,9.2,意大利,文艺,https://movie.douban.com/subject/1292001/,https://img1.doubanio.com/view/photo/s_ratio_poster/public/p511146807.jpg
天堂电影院,9.1,意大利,文艺,https://movie.douban.com/subject/1291828/,https://img3.doubanio.com/view/photo/s_ratio_poster/public/p1910901025.jpg
迁徙的鸟,9.1,意大利,文艺,https://movie.douban.com/subject/1292281/,https://img1.doubanio.com/view/photo/s_ratio_poster/public/p2238274168.jpg
60亿其他人,9.3,西班牙,文艺,https://movie.douban.com/subject/5151494/,https://img3.doubanio.com/view/subject/l/public/s4689961.jpg
迁徙的鸟,9.1,西班牙,文艺,https://movie.douban.com/subject/1292281/,https://img1.doubanio.com/view/photo/s_ratio_poster/public/p2238274168.jpg
60亿其他人,9.3,印度,文艺,https://movie.douban.com/subject/5151494/,https://img3.doubanio.com/view/subject/l/public/s4689961.jpg
里赫特：谜,9.5,俄罗斯,文艺,https://movie.douban.com/subject/1828568/,https://img3.doubanio.com/view/photo/s_ratio_poster/public/p2509527741.jpg
胡桃夹子,9.3,俄罗斯,文艺,https://movie.douban.com/subject/3533599/,https://img3.doubanio.com/view/photo/s_ratio_poster/public/p2257772540.jpg
60亿其他人,9.3,加拿大,文艺,https://movie.douban.com/subject/5151494/,https://img3.doubanio.com/view/subject/l/public/s4689961.jpg
少年派的奇幻漂流,9.0,加拿大,文艺,https://movie.douban.com/subject/1929463/,https://img3.doubanio.com/view/photo/s_ratio_poster/public/p1784592701.jpg
60亿其他人,9.3,澳大利亚,文艺,https://movie.douban.com/subject/5151494/,https://img3.doubanio.com/view/subject/l/public/s4689961.jpg
大河之舞1995,9.4,爱尔兰,文艺,https://movie.douban.com/subject/1835118/,https://img1.doubanio.com/view/photo/s_ratio_poster/public/p1932522618.jpg
寻找小糖人,9.1,瑞典,文艺,https://movie.douban.com/subject/7015798/,https://img3.doubanio.com/view/photo/s_ratio_poster/public/p1741882642.jpg
